{
  "model_type": "PPO",
  "total_episodes": 5017,
  "best_mean_reward": 4.344467639923096,
  "final_mean_reward": 3.821938991546631,
  "avg_episode_length": 1.0,
  "avg_efficiency": 0.8382831705534515,
  "total_high_value_selections": 8428,
  "training_date": "2025-07-27T01:03:53.912568"
}