{
  "model_type": "A2C",
  "total_episodes": 5000,
  "best_mean_reward": 4.171200275421143,
  "final_mean_reward": 3.287843942642212,
  "avg_episode_length": 1.0,
  "avg_efficiency": 0.8359333333333332,
  "total_high_value_selections": 8195,
  "training_date": "2025-07-28T15:13:26.896855"
}