{
  "model_type": "A2C",
  "total_episodes": 5000,
  "best_mean_reward": 4.108797550201416,
  "final_mean_reward": 3.4866247177124023,
  "avg_episode_length": 1.0,
  "avg_efficiency": 0.8354666666666668,
  "total_high_value_selections": 8260,
  "training_date": "2025-07-27T01:08:47.446059"
}