Model,Mean Reward,Std Reward,Mean Efficiency,High-Value Selections
DQN,33.90525467216356,3.934302502488262,0.88,54
PPO,23.876247276824873,5.13710023652639,0.8021428571428573,92
REINFORCE,22.761188039366562,6.145346054020519,0.6253333333333333,72
A2C,16.113878724607048,5.632909283690875,0.011666666666666665,0
