Model,Mean Reward,Std Reward,Mean Efficiency,High-Value Selections
DQN,39.45775949446333,3.3157873351263145,0.8,72
A2C,33.286167405605994,2.3405808596509625,0.82,15
PPO,32.471512181525135,2.2526127526420625,0.92,11
REINFORCE,25.97888355986751,4.211124055645921,0.57,32
