{
  "model_type": "DQN",
  "total_episodes": 5000,
  "best_mean_reward": 4.946428298950195,
  "final_mean_reward": 4.195986747741699,
  "avg_episode_length": 1.0,
  "avg_efficiency": 0.913731111111111,
  "total_high_value_selections": 4381,
  "training_date": "2025-07-29T18:06:00.340553"
}